{"@title":{"EN":"Playable Buzz Lightyear","RU":"Играбельный Базз Лайтер"},"@description":{"EN":"This language doen&amp;#x27;t support","RU":"Данный мод возвращает заменяет Брока на Базза Лайтера что позволяет немного испытать экспирианс декабря 2024"},"@author":"Miguel (8014969172)","@version":"2.1.0","@gv":63,"skin_confs":{"RocketGirlDefault":{"Model":"buzz_lightyear_geo.glb","PortraitCameraFile":"buzz_lightyear_laser_portrait.glb","IdleAnim":"LightyearIdle","WalkAnim":"LightyearWalk","PrimarySkillAnim":"LightyearPrimary","SecondarySkillAnim":"LightyearSecondary","OverchargedSecondarySkillAnim":"LightyearSecondary","PrimarySkillRecoilAnim":"LightyearRecoil","SecondarySkillRecoilAnim":"LightyearRecoil2","ReloadingAnim":"LightyearIdle","PushbackAnim":"LightyearPushback","HappyAnim":"LightyearWin","HappyLoopAnim":"LightyearWinloop","SadAnim":"LightyearLose","SadLoopAnim":"LightyearLoseloop","LobbyAnim":"LightyearWin","LobbyLoopAnim":"LightyearWinloop","HeroScreenIdleAnim":"LightyearIdle","HeroScreenAnim":"LightyearWin","HeroScreenLoopAnim":"LightyearWinloop","SignatureAnim":"LightyearWin","HappyEnterAnim":"LightyearIdle","SadEnterAnim":"LightyearIdle","ProfileAnim":"LightyearProfile","IntroAnim":"LightyearProfile","EnvAnim":"LightyearIdle","IdleFace":"Blight001Still","WalkFace":"Blight001Still","HappyFace":"Blight001Win","HappyLoopFace":"Blight001WinLoop","SadFace":"Blight001Lose","SadLoopFace":"Blight001LoseLoop","LobbyFace":"Blight001Win","LobbyLoopFace":"Blight001WinLoop","HeroScreenIdleFace":"Blight001WinLoop","HeroScreenFace":"Blight001Win","HeroScreenLoopFace":"Blight001WinLoop","SignatureFace":"Blight001Win","ProfileFace":"Blight001Still","IntroFace":"Blight001Still","LobbyEffect":"lightyear_def_lobby_laser","LobbyLoopEffect":"lightyear_def_lobby_laser","HeroScreenEffect":"lightyear_def_lobby_laser","SignatureEffect":"lightyear_def_lobby_laser","HappyEffect":"lightyear_def_lobby_laser","AttackLocksAttackAngle":"true"}},"skins":{"RocketGirlDefault":{"BattleIntroXOffset":"200","BattleIntroZOffset":"200"}},"characters":{"RocketGirl":{"Hitpoints":"3000","ReloadEffect":"Buzz_Lightyear_Reload","KillCelebrationSoundVO":"Buzz_Lightyear_Kill_VO","InLeadCelebrationSoundVO":"Buzz_Lightyear_Lead_VO","StartSoundVO":"Buzz_Lightyear_Start_VO","UseUltiSoundVO":"Buzz_Lightyear_Ulti_VO","TakeDamageSoundVO":"Buzz_Lightyear_Hurt_VO","DeathSoundVO":"Buzz_Lightyear_Die_VO","UnlockVO":"Buzz_Lightyear_Start_VO","HeroScreenScale":"200","FitToBoxScale":"235","HomeScreenScale":"220","BattleIntroScale":"230","BattleIntroXOffset":"-100","BattleIntroZOffset":"-400","TID":"TID_LIGHTYEAR","ClassArchetype":"damage_dealer","IconExportName":"hero_icon_lightyear","EmblemExportName":"mastery_brawler_icon_buzzlightyear"},"LightyearSword":{"Disabled":"","Type":"Hero","DefaultSkin":"LightyearSwordDefault"},"LightyearFlight":{"Disabled":"","Type":"Hero","DefaultSkin":"LightyearFlightDefault"}},"cards":{"RocketGirl_unlock":{"Rarity":"legendary"},"RocketGirl_abi":{"TID":"TID_LIGHTYEAR_WEAPON"},"RocketGirl_ulti":{"TID":"TID_LIGHTYEAR_ULTI"},"RocketGirl_unique":{"IconExportName":"wtf","TID":"TID_LIGHTYEAR_SP_1"},"RocketGirl_unique_2":{"IconExportName":"idk","TID":"TID_LIGHTYEAR_SP_2"},"RocketGirl_unique_3":{"IconExportName":"Nope3","Disabled":"","LockedForChronos":"","TID":"TID_LIGHTYEAR_SP_3"},"RocketGirl_Jump":{"IconExportName":"icon_item_lightyear_1","TID":"TID_LIGHTYEAR_GADGET_1"},"RocketGirl_MegaRocket":{"Target":"ShotgunGirl","TID":"TID_LIGHTYEAR_GADGET_1"},"RocketGirl_overcharge":{"IconExportName":"icon_overcharge_lightyear_1","Type":"overcharge_lightyear","TID":"TID_LIGHTYEAR_OVERCHARGE"}},"projectiles":{"RocketGirlProjectile":{"Speed":"2700","BlueSCW":"","RedSCW":"","BlueExportName":"buzzlight_def_atk_laser_blue","RedExportName":"buzzlight_def_atk_laser_red","BlueGroundGlowExportName":"projectile_fire_blue","RedGroundGlowExportName":"projectile_light_red","HitEffectEnv":"buzzlight_laser_atk_hit","HitEffectChar":"buzzlight_laser_atk_hit","MaxRangeReachedEffect":"buzzlight_def_atk_hit_reached","StatusEffectEnemy":"LightyearFire","SpawnAreaEffectObject":"","SpawnAreaEffectObject2":"","AreaEffect2DamagePercent":"","TrailEffect":"buzzlight_def_atk_trail"},"RocketGirlUltiProjectile":{"Speed":"2700","BlueSCW":"","RedSCW":"","BlueExportName":"buzzlight_def_atk_laser_blue","RedExportName":"buzzlight_def_atk_laser_red","BlueGroundGlowExportName":"projectile_fire_blue","RedGroundGlowExportName":"projectile_light_red","HitEffectEnv":"buzzlight_laser_atk_hit","HitEffectChar":"buzzlight_laser_atk_hit","MaxRangeReachedEffect":"buzzlight_def_atk_hit_reached","StatusEffectEnemy":"LightyearFire","SpawnAreaEffectObject":"","SpawnAreaEffectObject2":"","AreaEffect2DamagePercent":"","TrailEffect":"buzzlight_def_atk_trail"},"RocketGirlUltiOverchargedProjectile":{"Speed":"2700","BlueSCW":"","RedSCW":"","BlueExportName":"buzzlight_def_atk_laser_blue","RedExportName":"buzzlight_def_atk_laser_red","BlueGroundGlowExportName":"projectile_fire_blue","RedGroundGlowExportName":"projectile_light_red","HitEffectEnv":"buzzlight_laser_atk_hit","HitEffectChar":"buzzlight_laser_atk_hit","MaxRangeReachedEffect":"buzzlight_def_atk_hit_reached","StatusEffectEnemy":"LightyearFire","SpawnAreaEffectObject":"","SpawnAreaEffectObject2":"","AreaEffect2DamagePercent":"","TrailEffect":"buzzlight_def_atk_trail"}},"emotes":{"emoji_brock":{"IconSWF":"sc/emoji_2.sc","IconExportName":"emoji_buzzlightyear","SoundEffect":"","SfxIndex":"","ExtraCatalogCampaign":"TOYSTORY"},"emoji_brock_gg":{"IconSWF":"sc/emoji_2.sc","IconExportName":"emoji_buzzlightyear","SoundEffect":"","SfxIndex":""},"emoji_brock_sad":{"IconSWF":"sc/emoji_2.sc","IconExportName":"emoji_buzzlightyear_sad","SoundEffect":"","SfxIndex":""},"emoji_brock_angry":{"IconSWF":"sc/emoji_2.sc","IconExportName":"emoji_buzzlightyear_angry","SoundEffect":"","SfxIndex":""},"emoji_brock_phew":{"IconSWF":"sc/emoji_2.sc","IconExportName":"emoji_surge_ts_phew","SoundEffect":"","SfxIndex":""},"emoji_brock_thanks":{"IconSWF":"sc/emoji_2.sc","IconExportName":"emoji_surge_ts_thanks","SoundEffect":"","SfxIndex":""},"emoji_brock_special":{"IconSWF":"sc/emoji_2.sc","IconExportName":"emoji_surge_ts_special","SoundEffect":"","SfxIndex":""},"emoji_brock_happy":{"IconSWF":"sc/emoji_2.sc","IconExportName":"emoji_surge_ts_happy","SoundEffect":"","SfxIndex":""},"emoji_brock_clap":{"IconSWF":"sc/emoji_2.sc","IconExportName":"emoji_surge_ts_clap"},"emoji_brock_facepalm":{"IconSWF":"sc/emoji_2.sc","IconExportName":"emoji_surge_ts_gg"}},"player_thumbnails":{"hero3":{"IconExportName":"player_icon_lightyear"}},"skills":{"RocketGirlUlti":{"Damage":"500"},"RocketGirlWeapon":{"Damage":"1080"}},"sounds":{"GrisGris_Fire":{"MinVolume":"0","MaxVolume":"0"}},"accessories":{"RocketGirl_Jump":{"Cooldown":"200"}},"sprays":{"spray_brock_1":{"Character":"","Skin":""},"spray_overcharge_brock":{"Character":"","Skin":""},"spray_brock_olympus":{"Character":"","Skin":"","GiveOnSkinUnlock":""}}}